path,film_id,decade,lines_extracted,out_file
/home/pratik/projects/GenderBias_TrendAnalysis/dataset/1950s/1957 Pyaasa.srt,1957-pyaasa,1950s,1180,/home/pratik/projects/GenderBias_TrendAnalysis/cleaned_dir/1950s/1957-pyaasa.csv
/home/pratik/projects/GenderBias_TrendAnalysis/dataset/1950s/Sujata.srt,sujata,1950s,1462,/home/pratik/projects/GenderBias_TrendAnalysis/cleaned_dir/1950s/sujata.csv
/home/pratik/projects/GenderBias_TrendAnalysis/dataset/1950s/AWARA(1951)(HINDI)-DvdRip h264 mp4 KaSh61-eng.srt,awara-1951-hindi-dvdrip-h264-mp4-kash61-eng,1950s,1337,/home/pratik/projects/GenderBias_TrendAnalysis/cleaned_dir/1950s/awara-1951-hindi-dvdrip-h264-mp4-kash61-eng.csv
/home/pratik/projects/GenderBias_TrendAnalysis/dataset/1950s/Devdas 1955 Hindi DvDRip x264 AC3 5.1...Hon3y.srt,devdas-1955-hindi-dvdrip-x264-ac3-5-1-hon3y,1950s,1097,/home/pratik/projects/GenderBias_TrendAnalysis/cleaned_dir/1950s/devdas-1955-hindi-dvdrip-x264-ac3-5-1-hon3y.csv
/home/pratik/projects/GenderBias_TrendAnalysis/dataset/1950s/Aurat.srt,aurat,1950s,1995,/home/pratik/projects/GenderBias_TrendAnalysis/cleaned_dir/1950s/aurat.csv
/home/pratik/projects/GenderBias_TrendAnalysis/dataset/1950s/JhanakJhanakPayalBaaje.srt,jhanakjhanakpayalbaaje,1950s,616,/home/pratik/projects/GenderBias_TrendAnalysis/cleaned_dir/1950s/jhanakjhanakpayalbaaje.csv
/home/pratik/projects/GenderBias_TrendAnalysis/dataset/1950s/Sharada.1957.srt,sharada-1957,1950s,1744,/home/pratik/projects/GenderBias_TrendAnalysis/cleaned_dir/1950s/sharada-1957.csv
/home/pratik/projects/GenderBias_TrendAnalysis/dataset/1950s/BootPolish.srt,bootpolish,1950s,1352,/home/pratik/projects/GenderBias_TrendAnalysis/cleaned_dir/1950s/bootpolish.csv
/home/pratik/projects/GenderBias_TrendAnalysis/dataset/1950s/Aan (1952) DvDrip x264.AC3.English.ESubs.BY.juleyan.srt,aan-1952-dvdrip-x264-ac3-english-esubs-by-juleyan,1950s,1177,/home/pratik/projects/GenderBias_TrendAnalysis/cleaned_dir/1950s/aan-1952-dvdrip-x264-ac3-english-esubs-by-juleyan.csv
/home/pratik/projects/GenderBias_TrendAnalysis/dataset/1950s/Jaagte Raho.srt,jaagte-raho,1950s,613,/home/pratik/projects/GenderBias_TrendAnalysis/cleaned_dir/1950s/jaagte-raho.csv
/home/pratik/projects/GenderBias_TrendAnalysis/dataset/1950s/Parivar.srt,parivar,1950s,2819,/home/pratik/projects/GenderBias_TrendAnalysis/cleaned_dir/1950s/parivar.csv
/home/pratik/projects/GenderBias_TrendAnalysis/dataset/1950s/TaxiDriver.srt,taxidriver,1950s,757,/home/pratik/projects/GenderBias_TrendAnalysis/cleaned_dir/1950s/taxidriver.csv
/home/pratik/projects/GenderBias_TrendAnalysis/dataset/1950s/Nau Do Gyarah.srt,nau-do-gyarah,1950s,819,/home/pratik/projects/GenderBias_TrendAnalysis/cleaned_dir/1950s/nau-do-gyarah.csv
/home/pratik/projects/GenderBias_TrendAnalysis/dataset/1950s/MirzaGhalib.srt,mirzaghalib,1950s,1371,/home/pratik/projects/GenderBias_TrendAnalysis/cleaned_dir/1950s/mirzaghalib.csv
/home/pratik/projects/GenderBias_TrendAnalysis/dataset/1950s/Kaagaz Ke Phool (Guru Dutt_ 1959) DVDrip.srt,kaagaz-ke-phool-guru-dutt-1959-dvdrip,1950s,1192,/home/pratik/projects/GenderBias_TrendAnalysis/cleaned_dir/1950s/kaagaz-ke-phool-guru-dutt-1959-dvdrip.csv
/home/pratik/projects/GenderBias_TrendAnalysis/dataset/1950s/Barsaat.srt,barsaat,1950s,1020,/home/pratik/projects/GenderBias_TrendAnalysis/cleaned_dir/1950s/barsaat.csv
/home/pratik/projects/GenderBias_TrendAnalysis/dataset/1950s/Pyaasa.srt,pyaasa,1950s,902,/home/pratik/projects/GenderBias_TrendAnalysis/cleaned_dir/1950s/pyaasa.csv
/home/pratik/projects/GenderBias_TrendAnalysis/dataset/1950s/Baiju Bawra 1952 ~ Phantom.DaX@desibbrg.com.srt,baiju-bawra-1952-phantom-dax-desibbrg-com,1950s,884,/home/pratik/projects/GenderBias_TrendAnalysis/cleaned_dir/1950s/baiju-bawra-1952-phantom-dax-desibbrg-com.csv
/home/pratik/projects/GenderBias_TrendAnalysis/dataset/1950s/MissMary.srt,missmary,1950s,1336,/home/pratik/projects/GenderBias_TrendAnalysis/cleaned_dir/1950s/missmary.csv
/home/pratik/projects/GenderBias_TrendAnalysis/dataset/1950s/Jaal 1952.srt,jaal-1952,1950s,988,/home/pratik/projects/GenderBias_TrendAnalysis/cleaned_dir/1950s/jaal-1952.csv
/home/pratik/projects/GenderBias_TrendAnalysis/dataset/1950s/Yahudi.srt,yahudi,1950s,1516,/home/pratik/projects/GenderBias_TrendAnalysis/cleaned_dir/1950s/yahudi.csv
/home/pratik/projects/GenderBias_TrendAnalysis/dataset/1950s/Chori Chori.srt,chori-chori,1950s,1378,/home/pratik/projects/GenderBias_TrendAnalysis/cleaned_dir/1950s/chori-chori.csv
/home/pratik/projects/GenderBias_TrendAnalysis/dataset/1950s/RailwayPlatform.srt,railwayplatform,1950s,1631,/home/pratik/projects/GenderBias_TrendAnalysis/cleaned_dir/1950s/railwayplatform.csv
/home/pratik/projects/GenderBias_TrendAnalysis/dataset/1950s/Mother India.srt,mother-india,1950s,1201,/home/pratik/projects/GenderBias_TrendAnalysis/cleaned_dir/1950s/mother-india.csv
/home/pratik/projects/GenderBias_TrendAnalysis/dataset/1950s/Vachan.srt,vachan,1950s,1312,/home/pratik/projects/GenderBias_TrendAnalysis/cleaned_dir/1950s/vachan.csv
/home/pratik/projects/GenderBias_TrendAnalysis/dataset/1950s/Musafir.srt,musafir,1950s,1520,/home/pratik/projects/GenderBias_TrendAnalysis/cleaned_dir/1950s/musafir.csv
/home/pratik/projects/GenderBias_TrendAnalysis/dataset/1950s/Patita.srt,patita,1950s,1052,/home/pratik/projects/GenderBias_TrendAnalysis/cleaned_dir/1950s/patita.csv
/home/pratik/projects/GenderBias_TrendAnalysis/dataset/1950s/Parineeta (1953).srt,parineeta-1953,1950s,1369,/home/pratik/projects/GenderBias_TrendAnalysis/cleaned_dir/1950s/parineeta-1953.csv
/home/pratik/projects/GenderBias_TrendAnalysis/dataset/1950s/Naya Daur (1957-2007) DVDRip.Xvid.AC3.Esubs.srt,naya-daur-1957-2007-dvdrip-xvid-ac3-esubs,1950s,1882,/home/pratik/projects/GenderBias_TrendAnalysis/cleaned_dir/1950s/naya-daur-1957-2007-dvdrip-xvid-ac3-esubs.csv
/home/pratik/projects/GenderBias_TrendAnalysis/dataset/1950s/Madhumati.1958.1080p.WEB-DL.AVC.AAC.ESub.srt,madhumati-1958-1080p-web-dl-avc-aac-esub,1950s,1214,/home/pratik/projects/GenderBias_TrendAnalysis/cleaned_dir/1950s/madhumati-1958-1080p-web-dl-avc-aac-esub.csv
/home/pratik/projects/GenderBias_TrendAnalysis/dataset/1980s/Mr. India (1987) Hindi.WEB.DL.1080p.ZEE5.x264.AAC.ESubs.BY juleyano.srt,mr-india-1987-hindi-web-dl-1080p-zee5-x264-aac-esubs-by-juleyano,1980s,1932,/home/pratik/projects/GenderBias_TrendAnalysis/cleaned_dir/1980s/mr-india-1987-hindi-web-dl-1080p-zee5-x264-aac-esubs-by-juleyano.csv
/home/pratik/projects/GenderBias_TrendAnalysis/dataset/1980s/[English] Tohfa Tohfa [DownSub.com].srt,english-tohfa-tohfa-downsub-com,1980s,2650,/home/pratik/projects/GenderBias_TrendAnalysis/cleaned_dir/1980s/english-tohfa-tohfa-downsub-com.csv
/home/pratik/projects/GenderBias_TrendAnalysis/dataset/1980s/Woh 7 Din (1983) Hindi.WEB.DL.720p.ZEE5.x264.AAC.ESubs.BY juleyano.srt,woh-7-din-1983-hindi-web-dl-720p-zee5-x264-aac-esubs-by-juleyano,1980s,1527,/home/pratik/projects/GenderBias_TrendAnalysis/cleaned_dir/1980s/woh-7-din-1983-hindi-web-dl-720p-zee5-x264-aac-esubs-by-juleyano.csv
/home/pratik/projects/GenderBias_TrendAnalysis/dataset/1980s/Namak Halaal {HD} - Amitabh Bachchan - Shashi Kapoor - Smita Patil - Parveen Babi - Old Hi.srt,namak-halaal-hd-amitabh-bachchan-shashi-kapoor-smita-patil-parveen-babi-old-hi,1980s,2094,/home/pratik/projects/GenderBias_TrendAnalysis/cleaned_dir/1980s/namak-halaal-hd-amitabh-bachchan-shashi-kapoor-smita-patil-parveen-babi-old-hi.csv
/home/pratik/projects/GenderBias_TrendAnalysis/dataset/1980s/Avtaar (1983) DvDRip x264.AAC.En.Sub.BY.juleyanos.srt,avtaar-1983-dvdrip-x264-aac-en-sub-by-juleyanos,1980s,1457,/home/pratik/projects/GenderBias_TrendAnalysis/cleaned_dir/1980s/avtaar-1983-dvdrip-x264-aac-en-sub-by-juleyanos.csv
/home/pratik/projects/GenderBias_TrendAnalysis/dataset/1980s/Sharaabi (1984)Hindi-DVDRip-XviD ~ Smeet.srt,sharaabi-1984-hindi-dvdrip-xvid-smeet,1980s,2059,/home/pratik/projects/GenderBias_TrendAnalysis/cleaned_dir/1980s/sharaabi-1984-hindi-dvdrip-xvid-smeet.csv
/home/pratik/projects/GenderBias_TrendAnalysis/dataset/1980s/Nagina 1986.srt,nagina-1986,1980s,1351,/home/pratik/projects/GenderBias_TrendAnalysis/cleaned_dir/1980s/nagina-1986.csv
/home/pratik/projects/GenderBias_TrendAnalysis/dataset/1980s/Arth 1982 2CD DVDRip Xvid AC3 Esubs [Phantom].srt,arth-1982-2cd-dvdrip-xvid-ac3-esubs-phantom,1980s,1220,/home/pratik/projects/GenderBias_TrendAnalysis/cleaned_dir/1980s/arth-1982-2cd-dvdrip-xvid-ac3-esubs-phantom.csv
/home/pratik/projects/GenderBias_TrendAnalysis/dataset/1980s/Coolie.1983.Hindi.1080p.WEB-DL.AAC2.0.ESub-Telly.srt,coolie-1983-hindi-1080p-web-dl-aac2-0-esub-telly,1980s,1938,/home/pratik/projects/GenderBias_TrendAnalysis/cleaned_dir/1980s/coolie-1983-hindi-1080p-web-dl-aac2-0-esub-telly.csv
/home/pratik/projects/GenderBias_TrendAnalysis/dataset/1980s/Ek Duuje Ke Liye_By_Sunil.srt,ek-duuje-ke-liye-by-sunil,1980s,1630,/home/pratik/projects/GenderBias_TrendAnalysis/cleaned_dir/1980s/ek-duuje-ke-liye-by-sunil.csv
/home/pratik/projects/GenderBias_TrendAnalysis/dataset/1980s/Karz.1980.DVDRip.XviD.Subs.-.Team XDM.-.srt,karz-1980-dvdrip-xvid-subs-team-xdm,1980s,1698,/home/pratik/projects/GenderBias_TrendAnalysis/cleaned_dir/1980s/karz-1980-dvdrip-xvid-subs-team-xdm.csv
/home/pratik/projects/GenderBias_TrendAnalysis/dataset/1980s/Satte Pe Satta (1982) Hindi.WEB.DL.1080p.Netflix.x264.AAC.ESubs.BY Juleyano.srt,satte-pe-satta-1982-hindi-web-dl-1080p-netflix-x264-aac-esubs-by-juleyano,1980s,1500,/home/pratik/projects/GenderBias_TrendAnalysis/cleaned_dir/1980s/satte-pe-satta-1982-hindi-web-dl-1080p-netflix-x264-aac-esubs-by-juleyano.csv
/home/pratik/projects/GenderBias_TrendAnalysis/dataset/1980s/Maine Pyar Kiya.2025.Malayalam.WEB-DL.srt,maine-pyar-kiya-2025-malayalam-web-dl,1980s,2642,/home/pratik/projects/GenderBias_TrendAnalysis/cleaned_dir/1980s/maine-pyar-kiya-2025-malayalam-web-dl.csv
/home/pratik/projects/GenderBias_TrendAnalysis/dataset/1980s/Tezaab (Acid) (1988) Hindi.WEBRipL.1080p.x265.HEVC.10bit.OlaM Admin.x264.AAC.ESubs.BY juleyano.srt,tezaab-acid-1988-hindi-webripl-1080p-x265-hevc-10bit-olam-admin-x264-aac-esubs-by-juleyano,1980s,1975,/home/pratik/projects/GenderBias_TrendAnalysis/cleaned_dir/1980s/tezaab-acid-1988-hindi-webripl-1080p-x265-hevc-10bit-olam-admin-x264-aac-esubs-by-juleyano.csv
/home/pratik/projects/GenderBias_TrendAnalysis/dataset/1980s/Chandni CD2.srt,chandni-cd2,1980s,653,/home/pratik/projects/GenderBias_TrendAnalysis/cleaned_dir/1980s/chandni-cd2.csv
/home/pratik/projects/GenderBias_TrendAnalysis/dataset/1980s/Ram Lakhan (1989) DvDRip.XviD.AC3.Arabic.ESubs.6 channels.TmG.BY.juleyano.srt,ram-lakhan-1989-dvdrip-xvid-ac3-arabic-esubs-6-channels-tmg-by-juleyano,1980s,1439,/home/pratik/projects/GenderBias_TrendAnalysis/cleaned_dir/1980s/ram-lakhan-1989-dvdrip-xvid-ac3-arabic-esubs-6-channels-tmg-by-juleyano.csv
/home/pratik/projects/GenderBias_TrendAnalysis/dataset/1980s/Prem Rog (1982).srt,prem-rog-1982,1980s,1213,/home/pratik/projects/GenderBias_TrendAnalysis/cleaned_dir/1980s/prem-rog-1982.csv
/home/pratik/projects/GenderBias_TrendAnalysis/dataset/1980s/Masoom (1983) Hindi 720p WEB-DL x264 AC3 2.0 ESub-Sun George.srt,masoom-1983-hindi-720p-web-dl-x264-ac3-2-0-esub-sun-george,1980s,1609,/home/pratik/projects/GenderBias_TrendAnalysis/cleaned_dir/1980s/masoom-1983-hindi-720p-web-dl-x264-ac3-2-0-esub-sun-george.csv
/home/pratik/projects/GenderBias_TrendAnalysis/dataset/1980s/tridev.1989.dvdrip.bollywoodiha_com(1).srt,tridev-1989-dvdrip-bollywoodiha-com-1,1980s,22,/home/pratik/projects/GenderBias_TrendAnalysis/cleaned_dir/1980s/tridev-1989-dvdrip-bollywoodiha-com-1.csv
/home/pratik/projects/GenderBias_TrendAnalysis/dataset/1980s/Saagar 1985 WebRip 720p Hindi AAC 2.0 x264 ESub - mkvCinemas [Telly] by juleyano_track3_[eng].srt,saagar-1985-webrip-720p-hindi-aac-2-0-x264-esub-mkvcinemas-telly-by-juleyano-track3-eng,1980s,1658,/home/pratik/projects/GenderBias_TrendAnalysis/cleaned_dir/1980s/saagar-1985-webrip-720p-hindi-aac-2-0-x264-esub-mkvcinemas-telly-by-juleyano-track3-eng.csv
/home/pratik/projects/GenderBias_TrendAnalysis/dataset/1980s/Chandni CD1.srt,chandni-cd1,1980s,551,/home/pratik/projects/GenderBias_TrendAnalysis/cleaned_dir/1980s/chandni-cd1.csv
/home/pratik/projects/GenderBias_TrendAnalysis/dataset/1960s/Ek Phool Do Mali-eng.srt,ek-phool-do-mali-eng,1960s,1224,/home/pratik/projects/GenderBias_TrendAnalysis/cleaned_dir/1960s/ek-phool-do-mali-eng.csv
/home/pratik/projects/GenderBias_TrendAnalysis/dataset/1960s/Sunghursh.1968.srt,sunghursh-1968,1960s,2025,/home/pratik/projects/GenderBias_TrendAnalysis/cleaned_dir/1960s/sunghursh-1968.csv
/home/pratik/projects/GenderBias_TrendAnalysis/dataset/1960s/Sahib.Bibi.Aur.Ghulam.1962.srt,sahib-bibi-aur-ghulam-1962,1960s,1190,/home/pratik/projects/GenderBias_TrendAnalysis/cleaned_dir/1960s/sahib-bibi-aur-ghulam-1962.csv
/home/pratik/projects/GenderBias_TrendAnalysis/dataset/1960s/Shikar (1968).srt,shikar-1968,1960s,987,/home/pratik/projects/GenderBias_TrendAnalysis/cleaned_dir/1960s/shikar-1968.csv
/home/pratik/projects/GenderBias_TrendAnalysis/dataset/1960s/Anupama.1966.srt,anupama-1966,1960s,1485,/home/pratik/projects/GenderBias_TrendAnalysis/cleaned_dir/1960s/anupama-1966.csv
/home/pratik/projects/GenderBias_TrendAnalysis/dataset/1960s/Bandini (1963).srt,bandini-1963,1960s,1435,/home/pratik/projects/GenderBias_TrendAnalysis/cleaned_dir/1960s/bandini-1963.csv
/home/pratik/projects/GenderBias_TrendAnalysis/dataset/1960s/chaudhvin_ka_chand.srt,chaudhvin-ka-chand,1960s,1488,/home/pratik/projects/GenderBias_TrendAnalysis/cleaned_dir/1960s/chaudhvin-ka-chand.csv
/home/pratik/projects/GenderBias_TrendAnalysis/dataset/1960s/Baharen Phir Bhi Aayengi.srt,baharen-phir-bhi-aayengi,1960s,1162,/home/pratik/projects/GenderBias_TrendAnalysis/cleaned_dir/1960s/baharen-phir-bhi-aayengi.csv
/home/pratik/projects/GenderBias_TrendAnalysis/dataset/1960s/Mughal-E-Azam (1960).srt,mughal-e-azam-1960,1960s,1194,/home/pratik/projects/GenderBias_TrendAnalysis/cleaned_dir/1960s/mughal-e-azam-1960.csv
/home/pratik/projects/GenderBias_TrendAnalysis/dataset/1960s/Do Raaste - 1969.srt,do-raaste-1969,1960s,2173,/home/pratik/projects/GenderBias_TrendAnalysis/cleaned_dir/1960s/do-raaste-1969.csv
/home/pratik/projects/GenderBias_TrendAnalysis/dataset/1960s/Gumnaam.1965.CD2.DVDRip.srt,gumnaam-1965-cd2-dvdrip,1960s,421,/home/pratik/projects/GenderBias_TrendAnalysis/cleaned_dir/1960s/gumnaam-1965-cd2-dvdrip.csv
/home/pratik/projects/GenderBias_TrendAnalysis/dataset/1960s/Mere Mehboob (1963).srt,mere-mehboob-1963,1960s,1711,/home/pratik/projects/GenderBias_TrendAnalysis/cleaned_dir/1960s/mere-mehboob-1963.csv
/home/pratik/projects/GenderBias_TrendAnalysis/dataset/1960s/Guide.srt,guide,1960s,789,/home/pratik/projects/GenderBias_TrendAnalysis/cleaned_dir/1960s/guide.csv
/home/pratik/projects/GenderBias_TrendAnalysis/dataset/1960s/AnEveningInParis.srt,aneveninginparis,1960s,1453,/home/pratik/projects/GenderBias_TrendAnalysis/cleaned_dir/1960s/aneveninginparis.csv
/home/pratik/projects/GenderBias_TrendAnalysis/dataset/1960s/Upkar.srt,upkar,1960s,1461,/home/pratik/projects/GenderBias_TrendAnalysis/cleaned_dir/1960s/upkar.csv
/home/pratik/projects/GenderBias_TrendAnalysis/dataset/1960s/Aradhana.srt,aradhana,1960s,1567,/home/pratik/projects/GenderBias_TrendAnalysis/cleaned_dir/1960s/aradhana.csv
/home/pratik/projects/GenderBias_TrendAnalysis/dataset/1960s/Padosan.1968.DVDRip.XviD-xDR.srt,padosan-1968-dvdrip-xvid-xdr,1960s,1414,/home/pratik/projects/GenderBias_TrendAnalysis/cleaned_dir/1960s/padosan-1968-dvdrip-xvid-xdr.csv
/home/pratik/projects/GenderBias_TrendAnalysis/dataset/1960s/Teesri.Manzil.1966[CD1].srt,teesri-manzil-1966-cd1,1960s,377,/home/pratik/projects/GenderBias_TrendAnalysis/cleaned_dir/1960s/teesri-manzil-1966-cd1.csv
/home/pratik/projects/GenderBias_TrendAnalysis/dataset/1960s/Gumnaam.1965.CD1.DVDRip.srt,gumnaam-1965-cd1-dvdrip,1960s,300,/home/pratik/projects/GenderBias_TrendAnalysis/cleaned_dir/1960s/gumnaam-1965-cd1-dvdrip.csv
/home/pratik/projects/GenderBias_TrendAnalysis/dataset/1960s/Teesri.Manzil.1966[CD2].srt,teesri-manzil-1966-cd2,1960s,412,/home/pratik/projects/GenderBias_TrendAnalysis/cleaned_dir/1960s/teesri-manzil-1966-cd2.csv
/home/pratik/projects/GenderBias_TrendAnalysis/dataset/1960s/Woh Kaun Thi - 1964.srt,woh-kaun-thi-1964,1960s,1480,/home/pratik/projects/GenderBias_TrendAnalysis/cleaned_dir/1960s/woh-kaun-thi-1964.csv
/home/pratik/projects/GenderBias_TrendAnalysis/dataset/1960s/Bluff Master - 1963.srt,bluff-master-1963,1960s,1215,/home/pratik/projects/GenderBias_TrendAnalysis/cleaned_dir/1960s/bluff-master-1963.csv
/home/pratik/projects/GenderBias_TrendAnalysis/dataset/1960s/Beti Bete (1964) Xvid 2cd_Eng Subs [DDR].srt,beti-bete-1964-xvid-2cd-eng-subs-ddr,1960s,1194,/home/pratik/projects/GenderBias_TrendAnalysis/cleaned_dir/1960s/beti-bete-1964-xvid-2cd-eng-subs-ddr.csv
/home/pratik/projects/GenderBias_TrendAnalysis/dataset/1960s/Guide (2).srt,guide-2,1960s,895,/home/pratik/projects/GenderBias_TrendAnalysis/cleaned_dir/1960s/guide-2.csv
/home/pratik/projects/GenderBias_TrendAnalysis/dataset/1960s/Waqt (1965).srt,waqt-1965,1960s,1643,/home/pratik/projects/GenderBias_TrendAnalysis/cleaned_dir/1960s/waqt-1965.csv
/home/pratik/projects/GenderBias_TrendAnalysis/dataset/1960s/Dosti.srt,dosti,1960s,1025,/home/pratik/projects/GenderBias_TrendAnalysis/cleaned_dir/1960s/dosti.csv
/home/pratik/projects/GenderBias_TrendAnalysis/dataset/1960s/Satyakam_En.srt,satyakam-en,1960s,1561,/home/pratik/projects/GenderBias_TrendAnalysis/cleaned_dir/1960s/satyakam-en.csv
/home/pratik/projects/GenderBias_TrendAnalysis/dataset/1960s/Sangam English subs.srt,sangam-english-subs,1960s,1363,/home/pratik/projects/GenderBias_TrendAnalysis/cleaned_dir/1960s/sangam-english-subs.csv
/home/pratik/projects/GenderBias_TrendAnalysis/dataset/1960s/Haqeeqat 1964.srt,haqeeqat-1964,1960s,955,/home/pratik/projects/GenderBias_TrendAnalysis/cleaned_dir/1960s/haqeeqat-1964.csv
/home/pratik/projects/GenderBias_TrendAnalysis/dataset/1960s/Phool Aur Patthar (1966).srt,phool-aur-patthar-1966,1960s,1386,/home/pratik/projects/GenderBias_TrendAnalysis/cleaned_dir/1960s/phool-aur-patthar-1966.csv
/home/pratik/projects/GenderBias_TrendAnalysis/dataset/1960s/Kati.Patang.1970.srt,kati-patang-1970,1960s,1516,/home/pratik/projects/GenderBias_TrendAnalysis/cleaned_dir/1960s/kati-patang-1970.csv
/home/pratik/projects/GenderBias_TrendAnalysis/dataset/1960s/Love.in.Tokyo.1966.WEBRIP.Z5.srt,love-in-tokyo-1966-webrip-z5,1960s,2190,/home/pratik/projects/GenderBias_TrendAnalysis/cleaned_dir/1960s/love-in-tokyo-1966-webrip-z5.csv
/home/pratik/projects/GenderBias_TrendAnalysis/dataset/1960s/Shagird 1967.srt,shagird-1967,1960s,7,/home/pratik/projects/GenderBias_TrendAnalysis/cleaned_dir/1960s/shagird-1967.csv
/home/pratik/projects/GenderBias_TrendAnalysis/dataset/1960s/Jewel Thief 1.srt,jewel-thief-1,1960s,852,/home/pratik/projects/GenderBias_TrendAnalysis/cleaned_dir/1960s/jewel-thief-1.csv
/home/pratik/projects/GenderBias_TrendAnalysis/dataset/1960s/Jewel Thief 2.srt,jewel-thief-2,1960s,884,/home/pratik/projects/GenderBias_TrendAnalysis/cleaned_dir/1960s/jewel-thief-2.csv
/home/pratik/projects/GenderBias_TrendAnalysis/dataset/2000s/Dil Chahta Hai.english.srt,dil-chahta-hai-english,2000s,1373,/home/pratik/projects/GenderBias_TrendAnalysis/cleaned_dir/2000s/dil-chahta-hai-english.csv
/home/pratik/projects/GenderBias_TrendAnalysis/dataset/2000s/Raaz.2002.DVDRiP.XViD.srt,raaz-2002-dvdrip-xvid,2000s,1037,/home/pratik/projects/GenderBias_TrendAnalysis/cleaned_dir/2000s/raaz-2002-dvdrip-xvid.csv
/home/pratik/projects/GenderBias_TrendAnalysis/dataset/2000s/Chak-De-India-2007-Watch-Full-Movie-Online-HD-Free-Download.srt,chak-de-india-2007-watch-full-movie-online-hd-free-download,2000s,1634,/home/pratik/projects/GenderBias_TrendAnalysis/cleaned_dir/2000s/chak-de-india-2007-watch-full-movie-online-hd-free-download.csv
/home/pratik/projects/GenderBias_TrendAnalysis/dataset/2000s/Guru 2007 Hindi BRRip 720p x264 AAC...Hon3y.srt,guru-2007-hindi-brrip-720p-x264-aac-hon3y,2000s,1797,/home/pratik/projects/GenderBias_TrendAnalysis/cleaned_dir/2000s/guru-2007-hindi-brrip-720p-x264-aac-hon3y.csv
/home/pratik/projects/GenderBias_TrendAnalysis/dataset/2000s/Hazaaron.Khwaishein.Aisi.(2003).DvdRip.srt,hazaaron-khwaishein-aisi-2003-dvdrip,2000s,1076,/home/pratik/projects/GenderBias_TrendAnalysis/cleaned_dir/2000s/hazaaron-khwaishein-aisi-2003-dvdrip.csv
/home/pratik/projects/GenderBias_TrendAnalysis/dataset/2000s/Rang De Basanti - DVDRip - XviD - ESubs - [DDR].srt,rang-de-basanti-dvdrip-xvid-esubs-ddr,2000s,905,/home/pratik/projects/GenderBias_TrendAnalysis/cleaned_dir/2000s/rang-de-basanti-dvdrip-xvid-esubs-ddr.csv
/home/pratik/projects/GenderBias_TrendAnalysis/dataset/2000s/Dhoom 720P BRRip xRG.srt,dhoom-720p-brrip-xrg,2000s,1134,/home/pratik/projects/GenderBias_TrendAnalysis/cleaned_dir/2000s/dhoom-720p-brrip-xrg.csv
/home/pratik/projects/GenderBias_TrendAnalysis/dataset/2000s/Omkara [2006].srt,omkara-2006,2000s,914,/home/pratik/projects/GenderBias_TrendAnalysis/cleaned_dir/2000s/omkara-2006.csv
/home/pratik/projects/GenderBias_TrendAnalysis/dataset/2000s/Bunty.Aur.Babli.2005.1080p.WEBRip.x264.AAC5.1-[YTS.srt,bunty-aur-babli-2005-1080p-webrip-x264-aac5-1-yts,2000s,1795,/home/pratik/projects/GenderBias_TrendAnalysis/cleaned_dir/2000s/bunty-aur-babli-2005-1080p-webrip-x264-aac5-1-yts.csv
/home/pratik/projects/GenderBias_TrendAnalysis/dataset/2000s/Wake Up Sid - DTHRip - XviD - 1CDRip - [DDR].srt,wake-up-sid-dthrip-xvid-1cdrip-ddr,2000s,1279,/home/pratik/projects/GenderBias_TrendAnalysis/cleaned_dir/2000s/wake-up-sid-dthrip-xvid-1cdrip-ddr.csv
/home/pratik/projects/GenderBias_TrendAnalysis/dataset/2000s/Kaminey 2009 720P BDRip xRG.srt,kaminey-2009-720p-bdrip-xrg,2000s,1278,/home/pratik/projects/GenderBias_TrendAnalysis/cleaned_dir/2000s/kaminey-2009-720p-bdrip-xrg.csv
/home/pratik/projects/GenderBias_TrendAnalysis/dataset/2000s/Delhi-6.srt,delhi-6,2000s,1789,/home/pratik/projects/GenderBias_TrendAnalysis/cleaned_dir/2000s/delhi-6.csv
/home/pratik/projects/GenderBias_TrendAnalysis/dataset/2000s/Fanaa.720p.BRRip.srt,fanaa-720p-brrip,2000s,1716,/home/pratik/projects/GenderBias_TrendAnalysis/cleaned_dir/2000s/fanaa-720p-brrip.csv
/home/pratik/projects/GenderBias_TrendAnalysis/dataset/2000s/Lakshya.2004.720p.xvid.ClaWeD.srt,lakshya-2004-720p-xvid-clawed,2000s,1710,/home/pratik/projects/GenderBias_TrendAnalysis/cleaned_dir/2000s/lakshya-2004-720p-xvid-clawed.csv
/home/pratik/projects/GenderBias_TrendAnalysis/dataset/2000s/K3G Subtitles.srt,k3g-subtitles,2000s,1577,/home/pratik/projects/GenderBias_TrendAnalysis/cleaned_dir/2000s/k3g-subtitles.csv
/home/pratik/projects/GenderBias_TrendAnalysis/dataset/2000s/A Wednesday.srt,a-wednesday,2000s,1171,/home/pratik/projects/GenderBias_TrendAnalysis/cleaned_dir/2000s/a-wednesday.csv
/home/pratik/projects/GenderBias_TrendAnalysis/dataset/2000s/Ghajini.2009.DVDRip.2CD.By.Deejam.srt,ghajini-2009-dvdrip-2cd-by-deejam,2000s,1578,/home/pratik/projects/GenderBias_TrendAnalysis/cleaned_dir/2000s/ghajini-2009-dvdrip-2cd-by-deejam.csv
/home/pratik/projects/GenderBias_TrendAnalysis/dataset/2000s/Dev D (2009).BRRip.720p.Hindi.AAC.srt,dev-d-2009-brrip-720p-hindi-aac,2000s,1634,/home/pratik/projects/GenderBias_TrendAnalysis/cleaned_dir/2000s/dev-d-2009-brrip-720p-hindi-aac.csv
/home/pratik/projects/GenderBias_TrendAnalysis/dataset/2000s/Don (2006) 1080p BluRay x264 DTS-HDMA 5.1 - Hon3y.srt,don-2006-1080p-bluray-x264-dts-hdma-5-1-hon3y,2000s,1798,/home/pratik/projects/GenderBias_TrendAnalysis/cleaned_dir/2000s/don-2006-1080p-bluray-x264-dts-hdma-5-1-hon3y.csv
/home/pratik/projects/GenderBias_TrendAnalysis/dataset/2000s/Jab We Met (2007) 720p BRRip Hindi.srt,jab-we-met-2007-720p-brrip-hindi,2000s,1582,/home/pratik/projects/GenderBias_TrendAnalysis/cleaned_dir/2000s/jab-we-met-2007-720p-brrip-hindi.csv
/home/pratik/projects/GenderBias_TrendAnalysis/dataset/2000s/Barfi! 2012 Hindi 720p DvDRip CharmeLeon Silver RG.srt,barfi-2012-hindi-720p-dvdrip-charmeleon-silver-rg,2000s,632,/home/pratik/projects/GenderBias_TrendAnalysis/cleaned_dir/2000s/barfi-2012-hindi-720p-dvdrip-charmeleon-silver-rg.csv
/home/pratik/projects/GenderBias_TrendAnalysis/dataset/2000s/Gadar (2001) DvDrip - 5.1 CH AC3.srt,gadar-2001-dvdrip-5-1-ch-ac3,2000s,1541,/home/pratik/projects/GenderBias_TrendAnalysis/cleaned_dir/2000s/gadar-2001-dvdrip-5-1-ch-ac3.csv
/home/pratik/projects/GenderBias_TrendAnalysis/dataset/2000s/Saathiya 2002 DVDrip XviD MP3 [RangerTD].srt,saathiya-2002-dvdrip-xvid-mp3-rangertd,2000s,1341,/home/pratik/projects/GenderBias_TrendAnalysis/cleaned_dir/2000s/saathiya-2002-dvdrip-xvid-mp3-rangertd.csv
/home/pratik/projects/GenderBias_TrendAnalysis/dataset/2000s/Fashion 2008 Hindi 720p BRRip x264 AAC 5.1...Hon3y-eng(2).srt,fashion-2008-hindi-720p-brrip-x264-aac-5-1-hon3y-eng-2,2000s,2136,/home/pratik/projects/GenderBias_TrendAnalysis/cleaned_dir/2000s/fashion-2008-hindi-720p-brrip-x264-aac-5-1-hon3y-eng-2.csv
/home/pratik/projects/GenderBias_TrendAnalysis/dataset/2000s/Rockstar 2011 Hindi Untouched 720p WEB-DL x264 AAC - MAAXHD.srt,rockstar-2011-hindi-untouched-720p-web-dl-x264-aac-maaxhd,2000s,2199,/home/pratik/projects/GenderBias_TrendAnalysis/cleaned_dir/2000s/rockstar-2011-hindi-untouched-720p-web-dl-x264-aac-maaxhd.csv
/home/pratik/projects/GenderBias_TrendAnalysis/dataset/2000s/Veer Zaara 720P BRRip xRG.srt,veer-zaara-720p-brrip-xrg,2000s,1952,/home/pratik/projects/GenderBias_TrendAnalysis/cleaned_dir/2000s/veer-zaara-720p-brrip-xrg.csv
/home/pratik/projects/GenderBias_TrendAnalysis/dataset/2000s/Hum Tum.srt,hum-tum,2000s,1712,/home/pratik/projects/GenderBias_TrendAnalysis/cleaned_dir/2000s/hum-tum.csv
/home/pratik/projects/GenderBias_TrendAnalysis/dataset/1990s/Border.DVDrip.Xvid.cd2.srt,border-dvdrip-xvid-cd2,1990s,368,/home/pratik/projects/GenderBias_TrendAnalysis/cleaned_dir/1990s/border-dvdrip-xvid-cd2.csv
/home/pratik/projects/GenderBias_TrendAnalysis/dataset/1990s/Ziddi (1997) DvDRip x264.AC3. ESub.5.1.BY.juleyano.srt,ziddi-1997-dvdrip-x264-ac3-esub-5-1-by-juleyano,1990s,1515,/home/pratik/projects/GenderBias_TrendAnalysis/cleaned_dir/1990s/ziddi-1997-dvdrip-x264-ac3-esub-5-1-by-juleyano.csv
/home/pratik/projects/GenderBias_TrendAnalysis/dataset/1990s/Raja.Hindustani.1996.XviD.AXiS.srt,raja-hindustani-1996-xvid-axis,1990s,1448,/home/pratik/projects/GenderBias_TrendAnalysis/cleaned_dir/1990s/raja-hindustani-1996-xvid-axis.csv
/home/pratik/projects/GenderBias_TrendAnalysis/dataset/1990s/Hum Aapke Hain Koun. (1994) Hindi.WEB.DL.1080p.AVC.x264.AAC.ESubs.BY Juleyano.srt,hum-aapke-hain-koun-1994-hindi-web-dl-1080p-avc-x264-aac-esubs-by-juleyano,1990s,2049,/home/pratik/projects/GenderBias_TrendAnalysis/cleaned_dir/1990s/hum-aapke-hain-koun-1994-hindi-web-dl-1080p-avc-x264-aac-esubs-by-juleyano.csv
/home/pratik/projects/GenderBias_TrendAnalysis/dataset/1990s/Sooryavansham.1999.DVDRip.XviD-xDR.srt,sooryavansham-1999-dvdrip-xvid-xdr,1990s,2058,/home/pratik/projects/GenderBias_TrendAnalysis/cleaned_dir/1990s/sooryavansham-1999-dvdrip-xvid-xdr.csv
/home/pratik/projects/GenderBias_TrendAnalysis/dataset/1990s/Yeshwant (1997) DVDRIP x264 AC3 ESub [DDR].srt,yeshwant-1997-dvdrip-x264-ac3-esub-ddr,1990s,1141,/home/pratik/projects/GenderBias_TrendAnalysis/cleaned_dir/1990s/yeshwant-1997-dvdrip-x264-ac3-esub-ddr.csv
/home/pratik/projects/GenderBias_TrendAnalysis/dataset/1990s/Ghatak (1996) Hindi.DvDRip.720p.X264.AAC.LC.Arabic.ESubs.By.juleyano.e.srt,ghatak-1996-hindi-dvdrip-720p-x264-aac-lc-arabic-esubs-by-juleyano-e,1990s,1483,/home/pratik/projects/GenderBias_TrendAnalysis/cleaned_dir/1990s/ghatak-1996-hindi-dvdrip-720p-x264-aac-lc-arabic-esubs-by-juleyano-e.csv
/home/pratik/projects/GenderBias_TrendAnalysis/dataset/1990s/Dilwale Dulhania Le Jayenge (1995)_ENG.srt,dilwale-dulhania-le-jayenge-1995-eng,1990s,1422,/home/pratik/projects/GenderBias_TrendAnalysis/cleaned_dir/1990s/dilwale-dulhania-le-jayenge-1995-eng.csv
/home/pratik/projects/GenderBias_TrendAnalysis/dataset/1990s/Dil To Pagal Hai.srt,dil-to-pagal-hai,1990s,1554,/home/pratik/projects/GenderBias_TrendAnalysis/cleaned_dir/1990s/dil-to-pagal-hai.csv
/home/pratik/projects/GenderBias_TrendAnalysis/dataset/1990s/Bombay (1995) 1080p MUBI WEB-DL HEVC 10bit AAC 2.0 PoOlLa.srt,bombay-1995-1080p-mubi-web-dl-hevc-10bit-aac-2-0-poolla,1990s,1048,/home/pratik/projects/GenderBias_TrendAnalysis/cleaned_dir/1990s/bombay-1995-1080p-mubi-web-dl-hevc-10bit-aac-2-0-poolla.csv
/home/pratik/projects/GenderBias_TrendAnalysis/dataset/1990s/Akele.Hum.Akele.Tum.(1995).DVDRiP.x264.AAC.Esubs.DDR.srt,akele-hum-akele-tum-1995-dvdrip-x264-aac-esubs-ddr,1990s,1424,/home/pratik/projects/GenderBias_TrendAnalysis/cleaned_dir/1990s/akele-hum-akele-tum-1995-dvdrip-x264-aac-esubs-ddr.csv
/home/pratik/projects/GenderBias_TrendAnalysis/dataset/1990s/Border.DVDrip.Xvid.cd1.srt,border-dvdrip-xvid-cd1,1990s,630,/home/pratik/projects/GenderBias_TrendAnalysis/cleaned_dir/1990s/border-dvdrip-xvid-cd1.csv
/home/pratik/projects/GenderBias_TrendAnalysis/dataset/1990s/Soldier (1998) Hindi.WEB.DL.1080p.720p.AVC.x264.AAC.Esubs.BY Juleyano.srt,soldier-1998-hindi-web-dl-1080p-720p-avc-x264-aac-esubs-by-juleyano,1990s,1652,/home/pratik/projects/GenderBias_TrendAnalysis/cleaned_dir/1990s/soldier-1998-hindi-web-dl-1080p-720p-avc-x264-aac-esubs-by-juleyano.csv
/home/pratik/projects/GenderBias_TrendAnalysis/dataset/1990s/Roja[1992].srt,roja-1992,1990s,1222,/home/pratik/projects/GenderBias_TrendAnalysis/cleaned_dir/1990s/roja-1992.csv
/home/pratik/projects/GenderBias_TrendAnalysis/dataset/1990s/JoJeeta.srt,jojeeta,1990s,1219,/home/pratik/projects/GenderBias_TrendAnalysis/cleaned_dir/1990s/jojeeta.csv
/home/pratik/projects/GenderBias_TrendAnalysis/dataset/1990s/Baazigar - Hindi Movies Full Movie _ Shahrukh Khan Movies _ Kajol _ Shilpa Shett_HIGH.srt,baazigar-hindi-movies-full-movie-shahrukh-khan-movies-kajol-shilpa-shett-high,1990s,45,/home/pratik/projects/GenderBias_TrendAnalysis/cleaned_dir/1990s/baazigar-hindi-movies-full-movie-shahrukh-khan-movies-kajol-shilpa-shett-high.csv
/home/pratik/projects/GenderBias_TrendAnalysis/dataset/1990s/Andaz Apna Apna.srt,andaz-apna-apna,1990s,1996,/home/pratik/projects/GenderBias_TrendAnalysis/cleaned_dir/1990s/andaz-apna-apna.csv
/home/pratik/projects/GenderBias_TrendAnalysis/dataset/1990s/Aashiqui (DVDRip).srt,aashiqui-dvdrip,1990s,1211,/home/pratik/projects/GenderBias_TrendAnalysis/cleaned_dir/1990s/aashiqui-dvdrip.csv
/home/pratik/projects/GenderBias_TrendAnalysis/dataset/1990s/Dil (1990) Hindi.WEB.DL.1080p.Amazon.AVCx264.AAC.ESubs.BY Juleyano.srt,dil-1990-hindi-web-dl-1080p-amazon-avcx264-aac-esubs-by-juleyano,1990s,1968,/home/pratik/projects/GenderBias_TrendAnalysis/cleaned_dir/1990s/dil-1990-hindi-web-dl-1080p-amazon-avcx264-aac-esubs-by-juleyano.csv
/home/pratik/projects/GenderBias_TrendAnalysis/dataset/1990s/Beta (1992) Hindi.WEB.DL.1080p.AVC.x264.AAC.Esubs.BY Juleyano.srt,beta-1992-hindi-web-dl-1080p-avc-x264-aac-esubs-by-juleyano,1990s,2144,/home/pratik/projects/GenderBias_TrendAnalysis/cleaned_dir/1990s/beta-1992-hindi-web-dl-1080p-avc-x264-aac-esubs-by-juleyano.csv
/home/pratik/projects/GenderBias_TrendAnalysis/dataset/1990s/Lamhe.1991.CD1.DVDRip.XviD-TmG.srt,lamhe-1991-cd1-dvdrip-xvid-tmg,1990s,1518,/home/pratik/projects/GenderBias_TrendAnalysis/cleaned_dir/1990s/lamhe-1991-cd1-dvdrip-xvid-tmg.csv
/home/pratik/projects/GenderBias_TrendAnalysis/dataset/1990s/Kuch Kuch Hota Hai (1998) Hindi.WEB.DL.1080p.Netflix.x264.AAC.Arabic.ESubs.srt,kuch-kuch-hota-hai-1998-hindi-web-dl-1080p-netflix-x264-aac-arabic-esubs,1990s,2104,/home/pratik/projects/GenderBias_TrendAnalysis/cleaned_dir/1990s/kuch-kuch-hota-hai-1998-hindi-web-dl-1080p-netflix-x264-aac-arabic-esubs.csv
/home/pratik/projects/GenderBias_TrendAnalysis/dataset/1990s/Rangeela.srt,rangeela,1990s,1542,/home/pratik/projects/GenderBias_TrendAnalysis/cleaned_dir/1990s/rangeela.csv
/home/pratik/projects/GenderBias_TrendAnalysis/dataset/1990s/Hum Dil De Chuke Sanam 1999 x264 1.3 DVDRip.srt,hum-dil-de-chuke-sanam-1999-x264-1-3-dvdrip,1990s,1300,/home/pratik/projects/GenderBias_TrendAnalysis/cleaned_dir/1990s/hum-dil-de-chuke-sanam-1999-x264-1-3-dvdrip.csv
/home/pratik/projects/GenderBias_TrendAnalysis/dataset/1990s/Agneepath 1990 DVDRip XviD E-SuB xRG.srt,agneepath-1990-dvdrip-xvid-e-sub-xrg,1990s,1228,/home/pratik/projects/GenderBias_TrendAnalysis/cleaned_dir/1990s/agneepath-1990-dvdrip-xvid-e-sub-xrg.csv
/home/pratik/projects/GenderBias_TrendAnalysis/dataset/1990s/Darr 1993 Hindi 720p BRRip CharmeLeon SilverRG-eng(1).srt,darr-1993-hindi-720p-brrip-charmeleon-silverrg-eng-1,1990s,1602,/home/pratik/projects/GenderBias_TrendAnalysis/cleaned_dir/1990s/darr-1993-hindi-720p-brrip-charmeleon-silverrg-eng-1.csv
/home/pratik/projects/GenderBias_TrendAnalysis/dataset/2010s/Kedarnath (2018) 1080p Untouched WEBHD AVC AAC ~ Ranvijay.srt,kedarnath-2018-1080p-untouched-webhd-avc-aac-ranvijay,2010s,1316,/home/pratik/projects/GenderBias_TrendAnalysis/cleaned_dir/2010s/kedarnath-2018-1080p-untouched-webhd-avc-aac-ranvijay.csv
/home/pratik/projects/GenderBias_TrendAnalysis/dataset/2010s/Tanu.Weds.Manu.DVDScr.XviD.srt,tanu-weds-manu-dvdscr-xvid,2010s,540,/home/pratik/projects/GenderBias_TrendAnalysis/cleaned_dir/2010s/tanu-weds-manu-dvdscr-xvid.csv
/home/pratik/projects/GenderBias_TrendAnalysis/dataset/2010s/3 idiots.srt,3-idiots,2010s,2380,/home/pratik/projects/GenderBias_TrendAnalysis/cleaned_dir/2010s/3-idiots.csv
/home/pratik/projects/GenderBias_TrendAnalysis/dataset/2010s/Talvar.2015.BluRay.720p.x264.AC3.5.1-Hon3y.srt,talvar-2015-bluray-720p-x264-ac3-5-1-hon3y,2010s,1801,/home/pratik/projects/GenderBias_TrendAnalysis/cleaned_dir/2010s/talvar-2015-bluray-720p-x264-ac3-5-1-hon3y.csv
/home/pratik/projects/GenderBias_TrendAnalysis/dataset/2010s/Peepli Live 2010 Hindi 720p BRRip CharmeLeon Silver RG.srt,peepli-live-2010-hindi-720p-brrip-charmeleon-silver-rg,2010s,1254,/home/pratik/projects/GenderBias_TrendAnalysis/cleaned_dir/2010s/peepli-live-2010-hindi-720p-brrip-charmeleon-silver-rg.csv
/home/pratik/projects/GenderBias_TrendAnalysis/dataset/2010s/Kahaani - DVDScr - XviD - 1CDRip - [DDR].srt,kahaani-dvdscr-xvid-1cdrip-ddr,2010s,434,/home/pratik/projects/GenderBias_TrendAnalysis/cleaned_dir/2010s/kahaani-dvdscr-xvid-1cdrip-ddr.csv
/home/pratik/projects/GenderBias_TrendAnalysis/dataset/2010s/Aashiqui 2 (2013) - BluRay - 1CD - AC3 - E-Subs - DrC. English.srt,aashiqui-2-2013-bluray-1cd-ac3-e-subs-drc-english,2010s,1688,/home/pratik/projects/GenderBias_TrendAnalysis/cleaned_dir/2010s/aashiqui-2-2013-bluray-1cd-ac3-e-subs-drc-english.csv
/home/pratik/projects/GenderBias_TrendAnalysis/dataset/2010s/haider-1080p-blu-ray-x264-dts-ddr.srt,haider-1080p-blu-ray-x264-dts-ddr,2010s,1478,/home/pratik/projects/GenderBias_TrendAnalysis/cleaned_dir/2010s/haider-1080p-blu-ray-x264-dts-ddr.csv
/home/pratik/projects/GenderBias_TrendAnalysis/dataset/2010s/Newton.2017.Hindi.720p.HDRip.x264.AC3.5.1.1.4GB-TamilRockers.srt,newton-2017-hindi-720p-hdrip-x264-ac3-5-1-1-4gb-tamilrockers,2010s,1157,/home/pratik/projects/GenderBias_TrendAnalysis/cleaned_dir/2010s/newton-2017-hindi-720p-hdrip-x264-ac3-5-1-1-4gb-tamilrockers.csv
/home/pratik/projects/GenderBias_TrendAnalysis/dataset/2010s/Ship. of. Theseus. 2012. 720p. BluRay. x264-PHOBOS.srt,ship-of-theseus-2012-720p-bluray-x264-phobos,2010s,1259,/home/pratik/projects/GenderBias_TrendAnalysis/cleaned_dir/2010s/ship-of-theseus-2012-720p-bluray-x264-phobos.csv
/home/pratik/projects/GenderBias_TrendAnalysis/dataset/2010s/Bareilly Ki Barfi 2017 1080p Blu-ray Remux AVC DTS-HD MA 5.1 - M2Tv_track3_eng.srt,bareilly-ki-barfi-2017-1080p-blu-ray-remux-avc-dts-hd-ma-5-1-m2tv-track3-eng,2010s,1916,/home/pratik/projects/GenderBias_TrendAnalysis/cleaned_dir/2010s/bareilly-ki-barfi-2017-1080p-blu-ray-remux-avc-dts-hd-ma-5-1-m2tv-track3-eng.csv
/home/pratik/projects/GenderBias_TrendAnalysis/dataset/2010s/Piku 2015 Hindi 720p DvDRip x264 AAC - Hon3y.srt,piku-2015-hindi-720p-dvdrip-x264-aac-hon3y,2010s,1895,/home/pratik/projects/GenderBias_TrendAnalysis/cleaned_dir/2010s/piku-2015-hindi-720p-dvdrip-x264-aac-hon3y.csv
/home/pratik/projects/GenderBias_TrendAnalysis/dataset/2010s/Padmaavat (2018) 720p- WebRip - x264 -AC3.srt,padmaavat-2018-720p-webrip-x264-ac3,2010s,1244,/home/pratik/projects/GenderBias_TrendAnalysis/cleaned_dir/2010s/padmaavat-2018-720p-webrip-x264-ac3.csv
/home/pratik/projects/GenderBias_TrendAnalysis/dataset/2010s/Tanu Weds Manu Returns (2015) WEBRip - x264 - 1CDRip - [DDR].srt,tanu-weds-manu-returns-2015-webrip-x264-1cdrip-ddr,2010s,2184,/home/pratik/projects/GenderBias_TrendAnalysis/cleaned_dir/2010s/tanu-weds-manu-returns-2015-webrip-x264-1cdrip-ddr.csv
/home/pratik/projects/GenderBias_TrendAnalysis/dataset/2010s/Pink (2016) 720p DVDRIP 1GB - NBY.srt,pink-2016-720p-dvdrip-1gb-nby,2010s,1755,/home/pratik/projects/GenderBias_TrendAnalysis/cleaned_dir/2010s/pink-2016-720p-dvdrip-1gb-nby.csv
/home/pratik/projects/GenderBias_TrendAnalysis/dataset/2010s/Drishyam (2015) 720p DvDRip x264 AC3 6.srt,drishyam-2015-720p-dvdrip-x264-ac3-6,2010s,2284,/home/pratik/projects/GenderBias_TrendAnalysis/cleaned_dir/2010s/drishyam-2015-720p-dvdrip-x264-ac3-6.csv
/home/pratik/projects/GenderBias_TrendAnalysis/dataset/2010s/Dangal 2016 Hindi Pre-DvDRip HEVC 850MB MkvCage.srt,dangal-2016-hindi-pre-dvdrip-hevc-850mb-mkvcage,2010s,2017,/home/pratik/projects/GenderBias_TrendAnalysis/cleaned_dir/2010s/dangal-2016-hindi-pre-dvdrip-hevc-850mb-mkvcage.csv
/home/pratik/projects/GenderBias_TrendAnalysis/dataset/2010s/Highway 2014 BluRay 1080p DTS-HD MA 5 1 AVC REMUX-FraMeSToR. eng.srt,highway-2014-bluray-1080p-dts-hd-ma-5-1-avc-remux-framestor-eng,2010s,927,/home/pratik/projects/GenderBias_TrendAnalysis/cleaned_dir/2010s/highway-2014-bluray-1080p-dts-hd-ma-5-1-avc-remux-framestor-eng.csv
/home/pratik/projects/GenderBias_TrendAnalysis/dataset/2010s/www.TamilRockers.ac - Dear Zindagi (2016) Hindi DVDRip X264 700MB ESubs.srt,www-tamilrockers-ac-dear-zindagi-2016-hindi-dvdrip-x264-700mb-esubs,2010s,2028,/home/pratik/projects/GenderBias_TrendAnalysis/cleaned_dir/2010s/www-tamilrockers-ac-dear-zindagi-2016-hindi-dvdrip-x264-700mb-esubs.csv
/home/pratik/projects/GenderBias_TrendAnalysis/dataset/2010s/Stree. 2. Sarkate. Ka. Aatank. 2024. HINDI. 1080p. AMZN. WEB-DL. DDP5. 1. H. 264-Spidey.srt,stree-2-sarkate-ka-aatank-2024-hindi-1080p-amzn-web-dl-ddp5-1-h-264-spidey,2010s,2427,/home/pratik/projects/GenderBias_TrendAnalysis/cleaned_dir/2010s/stree-2-sarkate-ka-aatank-2024-hindi-1080p-amzn-web-dl-ddp5-1-h-264-spidey.csv
/home/pratik/projects/GenderBias_TrendAnalysis/dataset/2010s/Raazi (2018) Hindi 720p AMZN WEB-DL x264 AAC Esubs ~Katyayan Exclusive~.srt,raazi-2018-hindi-720p-amzn-web-dl-x264-aac-esubs-katyayan-exclusive,2010s,1354,/home/pratik/projects/GenderBias_TrendAnalysis/cleaned_dir/2010s/raazi-2018-hindi-720p-amzn-web-dl-x264-aac-esubs-katyayan-exclusive.csv
/home/pratik/projects/GenderBias_TrendAnalysis/dataset/2010s/BƒÅhubali The Beginning (2015) - [Bluray-1080p].srt,bahubali-the-beginning-2015-bluray-1080p,2010s,977,/home/pratik/projects/GenderBias_TrendAnalysis/cleaned_dir/2010s/bahubali-the-beginning-2015-bluray-1080p.csv
/home/pratik/projects/GenderBias_TrendAnalysis/dataset/2010s/Gully Boy (2019) Hindi 720p HDRip x264 1.srt,gully-boy-2019-hindi-720p-hdrip-x264-1,2010s,2035,/home/pratik/projects/GenderBias_TrendAnalysis/cleaned_dir/2010s/gully-boy-2019-hindi-720p-hdrip-x264-1.csv
/home/pratik/projects/GenderBias_TrendAnalysis/dataset/2010s/Sanju. 2018. Hindi. 1080p. NF. WEBRip. x264. DDP5. 1-xRG_eng.srt,sanju-2018-hindi-1080p-nf-webrip-x264-ddp5-1-xrg-eng,2010s,1857,/home/pratik/projects/GenderBias_TrendAnalysis/cleaned_dir/2010s/sanju-2018-hindi-1080p-nf-webrip-x264-ddp5-1-xrg-eng.csv
/home/pratik/projects/GenderBias_TrendAnalysis/dataset/2010s/Sonu Ke Titu Ki Sweety 2018 Hindi 720p BDRip - x264 - AC3 DD 5. 1 - 1.srt,sonu-ke-titu-ki-sweety-2018-hindi-720p-bdrip-x264-ac3-dd-5-1-1,2010s,2201,/home/pratik/projects/GenderBias_TrendAnalysis/cleaned_dir/2010s/sonu-ke-titu-ki-sweety-2018-hindi-720p-bdrip-x264-ac3-dd-5-1-1.csv
/home/pratik/projects/GenderBias_TrendAnalysis/dataset/2010s/airlift(2016).srt,airlift-2016,2010s,1615,/home/pratik/projects/GenderBias_TrendAnalysis/cleaned_dir/2010s/airlift-2016.csv
/home/pratik/projects/GenderBias_TrendAnalysis/dataset/2010s/Raanjhanaa (2013).srt,raanjhanaa-2013,2010s,1934,/home/pratik/projects/GenderBias_TrendAnalysis/cleaned_dir/2010s/raanjhanaa-2013.csv
/home/pratik/projects/GenderBias_TrendAnalysis/dataset/2010s/The Dirty Picture - DVDRip - XviD - [DDR].srt,the-dirty-picture-dvdrip-xvid-ddr,2010s,1884,/home/pratik/projects/GenderBias_TrendAnalysis/cleaned_dir/2010s/the-dirty-picture-dvdrip-xvid-ddr.csv
/home/pratik/projects/GenderBias_TrendAnalysis/dataset/2010s/Drishyam.2.2022.1080p.AMZN.WEB-DL.DDP5.1.H.srt,drishyam-2-2022-1080p-amzn-web-dl-ddp5-1-h,2010s,1793,/home/pratik/projects/GenderBias_TrendAnalysis/cleaned_dir/2010s/drishyam-2-2022-1080p-amzn-web-dl-ddp5-1-h.csv
/home/pratik/projects/GenderBias_TrendAnalysis/dataset/2010s/Andhadhun (2018). Hindi - 1080p Proper HDRip - DD 5. 1 - x265 - 1. 6GB - ESubs.srt,andhadhun-2018-hindi-1080p-proper-hdrip-dd-5-1-x265-1-6gb-esubs,2010s,1163,/home/pratik/projects/GenderBias_TrendAnalysis/cleaned_dir/2010s/andhadhun-2018-hindi-1080p-proper-hdrip-dd-5-1-x265-1-6gb-esubs.csv
/home/pratik/projects/GenderBias_TrendAnalysis/dataset/2010s/Margarita With A Straw (2015) 2CD DVDRip x264 AC3 ESub - M2Tv Exclusive.srt,margarita-with-a-straw-2015-2cd-dvdrip-x264-ac3-esub-m2tv-exclusive,2010s,741,/home/pratik/projects/GenderBias_TrendAnalysis/cleaned_dir/2010s/margarita-with-a-straw-2015-2cd-dvdrip-x264-ac3-esub-m2tv-exclusive.csv
/home/pratik/projects/GenderBias_TrendAnalysis/dataset/2010s/Barfi! 2012 Hindi 720p DvDRip CharmeLeon Silver RG.srt,barfi-2012-hindi-720p-dvdrip-charmeleon-silver-rg,2010s,632,/home/pratik/projects/GenderBias_TrendAnalysis/cleaned_dir/2010s/barfi-2012-hindi-720p-dvdrip-charmeleon-silver-rg.csv
/home/pratik/projects/GenderBias_TrendAnalysis/dataset/2010s/Udaan 2010 Hindi 720p BRRip CharmeLeon Silver RG. eng.srt,udaan-2010-hindi-720p-brrip-charmeleon-silver-rg-eng,2010s,1353,/home/pratik/projects/GenderBias_TrendAnalysis/cleaned_dir/2010s/udaan-2010-hindi-720p-brrip-charmeleon-silver-rg-eng.csv
/home/pratik/projects/GenderBias_TrendAnalysis/dataset/2010s/PK (2015) Hindi 1.2 GB 720p DVDRip 5.srt,pk-2015-hindi-1-2-gb-720p-dvdrip-5,2010s,1717,/home/pratik/projects/GenderBias_TrendAnalysis/cleaned_dir/2010s/pk-2015-hindi-1-2-gb-720p-dvdrip-5.csv
/home/pratik/projects/GenderBias_TrendAnalysis/dataset/2010s/Neerja 2016 Hindi 720p HDRip x264 AAC - Hon3y.srt,neerja-2016-hindi-720p-hdrip-x264-aac-hon3y,2010s,1171,/home/pratik/projects/GenderBias_TrendAnalysis/cleaned_dir/2010s/neerja-2016-hindi-720p-hdrip-x264-aac-hon3y.csv
/home/pratik/projects/GenderBias_TrendAnalysis/dataset/2010s/Badlapur 2015 Hindi 720p DvDRip x264 AAC - Hon3y.srt,badlapur-2015-hindi-720p-dvdrip-x264-aac-hon3y,2010s,1655,/home/pratik/projects/GenderBias_TrendAnalysis/cleaned_dir/2010s/badlapur-2015-hindi-720p-dvdrip-x264-aac-hon3y.csv
/home/pratik/projects/GenderBias_TrendAnalysis/dataset/2010s/Kabir Singh 2019 Hindi DVDRip 720p x264 AAC 1. 4GB. MB.srt,kabir-singh-2019-hindi-dvdrip-720p-x264-aac-1-4gb-mb,2010s,1884,/home/pratik/projects/GenderBias_TrendAnalysis/cleaned_dir/2010s/kabir-singh-2019-hindi-dvdrip-720p-x264-aac-1-4gb-mb.csv
/home/pratik/projects/GenderBias_TrendAnalysis/dataset/2010s/URI The Surgical Strike (2019).srt,uri-the-surgical-strike-2019,2010s,1191,/home/pratik/projects/GenderBias_TrendAnalysis/cleaned_dir/2010s/uri-the-surgical-strike-2019.csv
/home/pratik/projects/GenderBias_TrendAnalysis/dataset/2010s/Bajrangi Bhaijaan (2015).srt,bajrangi-bhaijaan-2015,2010s,540,/home/pratik/projects/GenderBias_TrendAnalysis/cleaned_dir/2010s/bajrangi-bhaijaan-2015.csv
/home/pratik/projects/GenderBias_TrendAnalysis/dataset/2020s/Pathaan 2023 PreDVD.srt,pathaan-2023-predvd,2020s,1335,/home/pratik/projects/GenderBias_TrendAnalysis/cleaned_dir/2020s/pathaan-2023-predvd.csv
/home/pratik/projects/GenderBias_TrendAnalysis/dataset/2020s/OMG. 2. 2023. HINDI. WEBRip. NF. en.srt,omg-2-2023-hindi-webrip-nf-en,2020s,2778,/home/pratik/projects/GenderBias_TrendAnalysis/cleaned_dir/2020s/omg-2-2023-hindi-webrip-nf-en.csv
/home/pratik/projects/GenderBias_TrendAnalysis/dataset/2020s/Brahmastra Part One - Shiva (2022) TRUE WEB-DL - 1080p - AVC - (DD+5.srt,brahmastra-part-one-shiva-2022-true-web-dl-1080p-avc-dd-5,2020s,1803,/home/pratik/projects/GenderBias_TrendAnalysis/cleaned_dir/2020s/brahmastra-part-one-shiva-2022-true-web-dl-1080p-avc-dd-5.csv
/home/pratik/projects/GenderBias_TrendAnalysis/dataset/2020s/Gangubai.Kathiawadi.2022.srt,gangubai-kathiawadi-2022,2020s,2114,/home/pratik/projects/GenderBias_TrendAnalysis/cleaned_dir/2020s/gangubai-kathiawadi-2022.csv
/home/pratik/projects/GenderBias_TrendAnalysis/dataset/2020s/Brahmastra Part One - Shiva (2022) TRUE WEB-DL - 1080p - AVC - (DD+5 (1).srt,brahmastra-part-one-shiva-2022-true-web-dl-1080p-avc-dd-5-1,2020s,1803,/home/pratik/projects/GenderBias_TrendAnalysis/cleaned_dir/2020s/brahmastra-part-one-shiva-2022-true-web-dl-1080p-avc-dd-5-1.csv
/home/pratik/projects/GenderBias_TrendAnalysis/dataset/2020s/The.Archies.2023.HINDI.NF.Atmos.WEBRip-HI.srt,the-archies-2023-hindi-nf-atmos-webrip-hi,2020s,2228,/home/pratik/projects/GenderBias_TrendAnalysis/cleaned_dir/2020s/the-archies-2023-hindi-nf-atmos-webrip-hi.csv
/home/pratik/projects/GenderBias_TrendAnalysis/dataset/2020s/Jawan.Extended.Cut.2023.1080p.NF.WEB-DL.DDP5.1.H.264-KiNGKHAN.srt,jawan-extended-cut-2023-1080p-nf-web-dl-ddp5-1-h-264-kingkhan,2020s,2095,/home/pratik/projects/GenderBias_TrendAnalysis/cleaned_dir/2020s/jawan-extended-cut-2023-1080p-nf-web-dl-ddp5-1-h-264-kingkhan.csv
/home/pratik/projects/GenderBias_TrendAnalysis/dataset/2020s/KAAGAZ (2021) Hindi TRUE WEB-DL - ESub.srt,kaagaz-2021-hindi-true-web-dl-esub,2020s,1852,/home/pratik/projects/GenderBias_TrendAnalysis/cleaned_dir/2020s/kaagaz-2021-hindi-true-web-dl-esub.csv
/home/pratik/projects/GenderBias_TrendAnalysis/dataset/2020s/Sardar Udham (2021) Hindi TRUE WEB-DL.srt,sardar-udham-2021-hindi-true-web-dl,2020s,1565,/home/pratik/projects/GenderBias_TrendAnalysis/cleaned_dir/2020s/sardar-udham-2021-hindi-true-web-dl.csv
/home/pratik/projects/GenderBias_TrendAnalysis/dataset/2020s/Sam.Bahadur.2023.Hindi.1080p.ZEE5.WEB-DL.DDP5.1.Atmos.H.264-OlaM.srt,sam-bahadur-2023-hindi-1080p-zee5-web-dl-ddp5-1-atmos-h-264-olam,2020s,2136,/home/pratik/projects/GenderBias_TrendAnalysis/cleaned_dir/2020s/sam-bahadur-2023-hindi-1080p-zee5-web-dl-ddp5-1-atmos-h-264-olam.csv
/home/pratik/projects/GenderBias_TrendAnalysis/dataset/2020s/83.2022.WEBRip.srt,83-2022-webrip,2020s,2115,/home/pratik/projects/GenderBias_TrendAnalysis/cleaned_dir/2020s/83-2022-webrip.csv
/home/pratik/projects/GenderBias_TrendAnalysis/dataset/2020s/Ram Setu (2022) TRUE WEB-DL - 1080p - AVC - (DD+5.1 - 192Kbps) [Tam + Tel + Hin] - 3GB - ESub.srt,ram-setu-2022-true-web-dl-1080p-avc-dd-5-1-192kbps-tam-tel-hin-3gb-esub,2020s,1921,/home/pratik/projects/GenderBias_TrendAnalysis/cleaned_dir/2020s/ram-setu-2022-true-web-dl-1080p-avc-dd-5-1-192kbps-tam-tel-hin-3gb-esub.csv
/home/pratik/projects/GenderBias_TrendAnalysis/dataset/2020s/Zara Hatke Zara Bachke (2023) Hindi 1080p WEBRip x264 AAC ESub.srt,zara-hatke-zara-bachke-2023-hindi-1080p-webrip-x264-aac-esub,2020s,2342,/home/pratik/projects/GenderBias_TrendAnalysis/cleaned_dir/2020s/zara-hatke-zara-bachke-2023-hindi-1080p-webrip-x264-aac-esub.csv
/home/pratik/projects/GenderBias_TrendAnalysis/dataset/2020s/THE WHITE TIGER (2021) TRUE WEB-DL - ESub.srt,the-white-tiger-2021-true-web-dl-esub,2020s,1599,/home/pratik/projects/GenderBias_TrendAnalysis/cleaned_dir/2020s/the-white-tiger-2021-true-web-dl-esub.csv
/home/pratik/projects/GenderBias_TrendAnalysis/dataset/2020s/Shubh Mangal Savdhan (2017) Hindi HDRip - 700MB - x264 - 1CD - MP3.srt,shubh-mangal-savdhan-2017-hindi-hdrip-700mb-x264-1cd-mp3,2020s,2032,/home/pratik/projects/GenderBias_TrendAnalysis/cleaned_dir/2020s/shubh-mangal-savdhan-2017-hindi-hdrip-700mb-x264-1cd-mp3.csv
/home/pratik/projects/GenderBias_TrendAnalysis/dataset/2020s/Shehzada.2023.HINDI.WEBRip.x264-NF.srt,shehzada-2023-hindi-webrip-x264-nf,2020s,1985,/home/pratik/projects/GenderBias_TrendAnalysis/cleaned_dir/2020s/shehzada-2023-hindi-webrip-x264-nf.csv
/home/pratik/projects/GenderBias_TrendAnalysis/dataset/2020s/Ghoomer.2023.HINDI.1080p.ZEE5.WEBRip.DD+5.1.H.srt,ghoomer-2023-hindi-1080p-zee5-webrip-dd-5-1-h,2020s,1710,/home/pratik/projects/GenderBias_TrendAnalysis/cleaned_dir/2020s/ghoomer-2023-hindi-1080p-zee5-webrip-dd-5-1-h.csv
/home/pratik/projects/GenderBias_TrendAnalysis/dataset/2020s/Shershaah (2021) Hindi - x264 - WEB - HDRip - ESub.srt,shershaah-2021-hindi-x264-web-hdrip-esub,2020s,1782,/home/pratik/projects/GenderBias_TrendAnalysis/cleaned_dir/2020s/shershaah-2021-hindi-x264-web-hdrip-esub.csv
/home/pratik/projects/GenderBias_TrendAnalysis/dataset/2020s/Fighter.2024.HINDI.WEBRip.NF.en.srt,fighter-2024-hindi-webrip-nf-en,2020s,2086,/home/pratik/projects/GenderBias_TrendAnalysis/cleaned_dir/2020s/fighter-2024-hindi-webrip-nf-en.csv
/home/pratik/projects/GenderBias_TrendAnalysis/dataset/2020s/Chhalaang (2020) Hindi - x264 - AVC - WEB - HDRip - ESub.srt,chhalaang-2020-hindi-x264-avc-web-hdrip-esub,2020s,2128,/home/pratik/projects/GenderBias_TrendAnalysis/cleaned_dir/2020s/chhalaang-2020-hindi-x264-avc-web-hdrip-esub.csv
/home/pratik/projects/GenderBias_TrendAnalysis/dataset/2020s/Ludo (2020) Hindi - x264 - AVC - WEB - HDRip - ESub.srt,ludo-2020-hindi-x264-avc-web-hdrip-esub,2020s,1749,/home/pratik/projects/GenderBias_TrendAnalysis/cleaned_dir/2020s/ludo-2020-hindi-x264-avc-web-hdrip-esub.csv
/home/pratik/projects/GenderBias_TrendAnalysis/dataset/2020s/Animal.2023.1080p.NF.WEB-DL.DDP5.1.H.srt,animal-2023-1080p-nf-web-dl-ddp5-1-h,2020s,3084,/home/pratik/projects/GenderBias_TrendAnalysis/cleaned_dir/2020s/animal-2023-1080p-nf-web-dl-ddp5-1-h.csv
/home/pratik/projects/GenderBias_TrendAnalysis/dataset/2020s/Vikram.Vedha.2022.Jiocinema.Synced.English.Subtitle-By.Ronaldo9R9.en.srt,vikram-vedha-2022-jiocinema-synced-english-subtitle-by-ronaldo9r9-en,2020s,1767,/home/pratik/projects/GenderBias_TrendAnalysis/cleaned_dir/2020s/vikram-vedha-2022-jiocinema-synced-english-subtitle-by-ronaldo9r9-en.csv
/home/pratik/projects/GenderBias_TrendAnalysis/dataset/2020s/Bhediya. 2022. 1080p. JC. WEB-DL. DD5. 1. H. 264-DTR.srt,bhediya-2022-1080p-jc-web-dl-dd5-1-h-264-dtr,2020s,1882,/home/pratik/projects/GenderBias_TrendAnalysis/cleaned_dir/2020s/bhediya-2022-1080p-jc-web-dl-dd5-1-h-264-dtr.csv
/home/pratik/projects/GenderBias_TrendAnalysis/dataset/2020s/The.Kashmir.Files.2022.1080p.MULTi.WEB-DL.H.264.DDP5.1-NbT.srt,the-kashmir-files-2022-1080p-multi-web-dl-h-264-ddp5-1-nbt,2020s,2275,/home/pratik/projects/GenderBias_TrendAnalysis/cleaned_dir/2020s/the-kashmir-files-2022-1080p-multi-web-dl-h-264-ddp5-1-nbt.csv
/home/pratik/projects/GenderBias_TrendAnalysis/dataset/2020s/Dunki. 2023. 1080p. NF. WEB-DL. DDP5. 1. H. 264-KiNGKHAN.srt,dunki-2023-1080p-nf-web-dl-ddp5-1-h-264-kingkhan,2020s,2288,/home/pratik/projects/GenderBias_TrendAnalysis/cleaned_dir/2020s/dunki-2023-1080p-nf-web-dl-ddp5-1-h-264-kingkhan.csv
/home/pratik/projects/GenderBias_TrendAnalysis/dataset/2020s/Bell Bottom (2021) Hindi - x264 - WEB - HDRip - ESub.srt,bell-bottom-2021-hindi-x264-web-hdrip-esub,2020s,1536,/home/pratik/projects/GenderBias_TrendAnalysis/cleaned_dir/2020s/bell-bottom-2021-hindi-x264-web-hdrip-esub.csv
